﻿<Bindings>
  <Binding name="ARKINV_CONFIG" category="BINDING_HEADER_ARKINV">
    ArkInventory.Frame_Config_Toggle( )
  </Binding>
  <Binding name="ARKINV_TOGGLE_BAG" category="BINDING_HEADER_ARKINV">
    ArkInventory.Frame_Main_Toggle( ArkInventory.Const.Location.Bag )
  </Binding>
  <Binding name="ARKINV_TOGGLE_KEYRING" category="BINDING_HEADER_ARKINV">
    ArkInventory.Frame_Main_Toggle( ArkInventory.Const.Location.Keyring )
  </Binding>
  <Binding name="ARKINV_TOGGLE_BANK" category="BINDING_HEADER_ARKINV">
    ArkInventory.Frame_Main_Toggle( ArkInventory.Const.Location.Bank )
  </Binding>
  <Binding name="ARKINV_TOGGLE_VAULT" category="BINDING_HEADER_ARKINV">
    ArkInventory.Frame_Main_Toggle( ArkInventory.Const.Location.Vault )
  </Binding>
  <Binding name="ARKINV_TOGGLE_VOID" category="BINDING_HEADER_ARKINV">
    ArkInventory.Frame_Main_Toggle( ArkInventory.Const.Location.Void )
  </Binding>
  <Binding name="ARKINV_TOGGLE_MAILBOX" category="BINDING_HEADER_ARKINV">
    ArkInventory.Frame_Main_Toggle( ArkInventory.Const.Location.Mailbox )
  </Binding>
  <Binding name="ARKINV_TOGGLE_WEARING" category="BINDING_HEADER_ARKINV">
    ArkInventory.Frame_Main_Toggle( ArkInventory.Const.Location.Wearing )
  </Binding>
  <Binding name="ARKINV_TOGGLE_PET" category="BINDING_HEADER_ARKINV">
    ArkInventory.Frame_Main_Toggle( ArkInventory.Const.Location.Pet )
  </Binding>
  <Binding name="ARKINV_TOGGLE_MOUNT" category="BINDING_HEADER_ARKINV">
    ArkInventory.Frame_Main_Toggle( ArkInventory.Const.Location.Mount )
  </Binding>
  <Binding name="ARKINV_TOGGLE_TOYBOX" category="BINDING_HEADER_ARKINV">
    ArkInventory.Frame_Main_Toggle( ArkInventory.Const.Location.Toybox )
  </Binding>
  <Binding name="ARKINV_TOGGLE_HEIRLOOM" category="BINDING_HEADER_ARKINV">
    ArkInventory.Frame_Main_Toggle( ArkInventory.Const.Location.Heirloom )
  </Binding>
  <Binding name="ARKINV_TOGGLE_TOKEN" category="BINDING_HEADER_ARKINV">
    ArkInventory.Frame_Main_Toggle( ArkInventory.Const.Location.Currency )
  </Binding>
  <Binding name="ARKINV_TOGGLE_AUCTION" category="BINDING_HEADER_ARKINV">
    ArkInventory.Frame_Main_Toggle( ArkInventory.Const.Location.Auction )
  </Binding>
  <Binding name="ARKINV_TOGGLE_EDIT" category="BINDING_HEADER_ARKINV">
    ArkInventory.Frame_Main_Show( ArkInventory.Const.Location.Bag )
    ArkInventory.ToggleEditMode( )
  </Binding>
  <Binding name="ARKINV_REFRESH" category="BINDING_HEADER_ARKINV">
    ArkInventory.Frame_Main_Generate( nil, ArkInventory.Const.Window.Draw.Recalculate )
  </Binding>
  <Binding name="ARKINV_RELOAD" category="BINDING_HEADER_ARKINV">
    ArkInventory.ItemCacheClear( )
    ArkInventory.Frame_Main_Generate( nil, ArkInventory.Const.Window.Draw.Recalculate )
  </Binding>
  <Binding name="ARKINV_RESTACK" category="BINDING_HEADER_ARKINV">
    ArkInventory.Restack( ArkInventory.Const.Location.Bag )
  </Binding>
  <Binding name="ARKINV_TOGGLE_RULES" category="BINDING_HEADER_ARKINV">
    ArkInventory.Frame_Rules_Toggle( )
  </Binding>
  <Binding name="ARKINV_TOGGLE_SEARCH" category="BINDING_HEADER_ARKINV">
    ArkInventory.Search.Frame_Toggle( )
  </Binding>
  <Binding name="ARKINV_LDB_PETS_SUMMON" category="BINDING_HEADER_ARKINV">
    ArkInventory.LDB.Pets.OnClick( )
  </Binding>
  <Binding name="CLICK ARKINV_MountToggle:LeftButton" category="BINDING_HEADER_ARKINV" />
  <Binding name="ARKINV_JUNK_SELL" category="BINDING_HEADER_ARKINV">
    ArkInventory.JunkSell( true )
  </Binding>
</Bindings>
